<?xml version="1.0" encoding="UTF-8"?>
<project basedir="." name="Custom media processing">
    <target name="copyMediaAudioAndVideo">
        <basename property="output.dir.file.name" file="${output.dir}/"/>
        <basename property="temp.dir.file.name" file="${dita.temp.dir}/"/>
        <dirname file="${args.input}" property="inputFolderProperty" />
        <script language="javascript">
            <![CDATA[
		var originalBase = project.getProperty('env.com.oxygenxml.original.map.base.location');
		if(originalBase != null && originalBase.startsWith('file:/')){
		 originalBase = originalBase.substring(6);
		 originalBase = originalBase.replace('%20', ' ');
		 originalBase = originalBase.substring(0, originalBase.lastIndexOf("/") + 1);
		 project.setProperty('inputFolderProperty', originalBase);
		}
  	 ]]>
        </script>
        <echo>Copying media resources from "${inputFolderProperty}" to the "${output.dir}" folder.</echo>
        <copy todir="${output.dir}/" failonerror="no">
            <fileset dir="${inputFolderProperty}">
                <include name="**/*.mp3"/>
                <include name="**/*.mp4"/>
                <include name="**/*.avi"/>
                <!-- EXM-37863 Avoid copying resources from output and temp folders when 
                they are in the DITA Map folder...-->
                <exclude name="**/${output.dir.file.name}/**"/>
                <exclude name="**/${temp.dir.file.name}/**"/>
            </fileset>
        </copy>
    </target>
</project>