<?xml version="1.0" encoding="UTF-8"?>
<!--
Oxygen Webhelp plugin
Copyright (c) 1998-2017 Syncro Soft SRL, Romania.  All rights reserved.
Licensed under the terms stated in the license file EULA_Webhelp.txt 
available in the base directory of this Oxygen Webhelp plugin.

Translation strings for DE German language.
--><!DOCTYPE strings
  SYSTEM "strings.dtd">
<strings xml:lang="de-de">
   <str name="toggleHighlights" js="true" php="false">Show/Hide the search highlights</str>
   <str name="Similar results" js="true" php="false">Similar results</str>
   <str name="Output generated by" js="true" php="false">Generated by</str>
   <str name="Page" js="true" php="false">Seite</str>
   <str name="Results for:" js="true" php="false">Dokument(e) gefunden für</str>
   <str name="no_results_only_stop_words1" js="true" php="false">Keine Resultate wurden gefunden, weil die Suchanfrage nur &lt;span&gt;Stoppwörter&lt;/span&gt; enthielt, die von der Such-Engine exkludiert wurden.</str>
   <str name="no_results_only_stop_words2" js="true" php="false">Stoppwörter sind sehr allgemeine Wörter oder Adjektive, die Suchleistungen behindern.
      Wörter wie beispielsweise: &apos;aus&apos;, &apos;der/die/das&apos;, &apos;von&apos;, etc.</str>
   <str name="missing" js="true" php="false">Fehlend</str>
   <str name="label.home" js="true" php="false">Home</str>
   <str name="label.shareFrom" js="true" php="false">Wenn Sie bereits ein Benutzerkonto für eines der folgenden Produkte haben, können Sie sich mit diesem einloggen.</str>
   <str name="label.unconfirmedUsers" js="true" php="false">Unbestätigte Benutzer</str>
   <str name="label.cleanUsers" js="true" php="false">Ausstehende Benutzer löschen</str>
   <str name="label.tc.userName" js="true" php="true">Benutzer</str>
   <str name="label.tc.name" js="true" php="true">Name</str>
   <str name="label.tc.email" js="true" php="true">E-Mail</str>
   <str name="label.invertSel" js="true" php="false">Auswahl umkehren</str>
   <str name="label.invalidPosts" js="true" php="false">Ungültige Seiten für Beiträge</str>
   <str name="label.cleanComments" js="true" php="false">Verwaiste Bemerkungen löschen</str>
   <str name="label.cleanCommentsTooltip" js="true" php="false">Bemerkungen löschen, die mit Themen zu tun haben, die nicht mehr verfügbar sind</str>
   <str name="label.cleanUsersTooltip" js="true" php="false">Unbestätigte Benutzer löschen, die älter als 7 Tage sind</str>
   <str name="label.viewAllPostsTooltip" js="true" php="false">Entsprechendes Produkt / Version wählen, für das Sie Bemerkungen anzeigen lassen möchten</str>
   <str name="label.exportTooltip" js="true" php="false">Entsprechendes Produkt / Version wählen, für das Sie Bemerkungen in das XML-Format exportieren möchten</str>
   <str name="label.setVersionTooltip" js="true" php="false">Bemerkungen sind nur für Produktversionen verfügbar, die ab der gewählten Version beginnen.</str>
   <str name="label.fbUnavailable" js="true" php="false">Das Feedback-System ist deaktiviert! Bitte kontaktieren Sie den WebHelp-Systemadministrator.</str>
   <str name="label.removeInst" js="true" php="false">Der Ordner, der die Installations-Skripts enthält muss nach abgeschlossener Installation
            entfernt werden!</str>
   <str name="label.plsRemoveInstall" js="true" php="false">Bitte kontaktieren Sie den Systemadministrator, um die Webhelp-Installation
            zu vollenden, indem Sie den Installationsordner entfernen!</str>
   <str name="configInvalid" js="true" php="false">Ungültige Config-Datei - starten Sie zuerst den Install!</str>
   <str name="webhelp.content" js="true" php="false">Inhalt</str>
   <str name="oldFrames" js="true" php="false">Mit Frames</str>
   <str name="webhelp.search" js="true" php="false">Suche</str>
   <str name="webhelp.index" js="true" php="false">Index</str>
   <str name="IndexFilterPlaceholder" js="true" php="false">Indexeinträge filtern</str>
   <str name="SearchResults" js="true" php="false">Suchergebnisse</str>
   <str name="Loading, please wait ..." js="true" php="false">Lädt, bitte warten ...</str>
   <str name="Search no results" js="true" php="false">Ihre Suche hat keine Ergebnisse ergeben für</str>
   <str name="There is no page containing all the search terms."
        js="true"
        php="false">Es existiert keine Datei, die alle Suchbegriffe enthält.</str>
   <str name="Partial results:" js="true" php="false">Teilergebnisse:</str>
   <str name="Search string can&apos;t be void" js="true" php="false">Suchzeichenkette darf nicht leer sein</str>
   <str name="Search string must have at least two characters"
        js="true"
        php="false">Suchzeichenkette muss mindestens zwei Zeichen haben</str>
   <str name="Only first 10 words will be processed." js="true" php="false">Nur die ersten 10 Wörter werden verarbeitet.</str>
   <str name="Your browser is not supported. Use of Mozilla Firefox is recommended."
        js="true"
        php="false">Ihr Browser wird nicht unterstützt.
            Es wird empfohlen, Mozilla Firefox zu benutzen.</str>
   <str name="linkToThis" js="true" php="false">Link zu dieser Seite</str>
   <str name="ExpandAll" js="true" php="false">Alle Topics ausklappen</str>
   <str name="printThisPage" js="true" php="false">Diese Seite drucken</str>
   <str name="CollapseAll" js="true" php="false">Alle Topics einklappen</str>
   <str name="label.confirmOk" js="true" php="false">Erfolgreich abgeschlossen!</str>
   <str name="label.currentPwd" js="true" php="false">Aktuelles Passwort</str>
   <str name="label.Unsaved" js="true" php="false">Alle nicht gespeicherten Daten gehen beim Verlassen dieser Seite verloren.</str>
   <str name="label.captcha" js="true" php="false">Geben Sie den unten stehenden Captcha-Code ein:</str>
   <str name="label.welcome" js="true" php="false">Willkommen</str>
   <str name="label.close" js="true" php="false">Schließen</str>
   <str name="label.cancel" js="true" php="false">Abbrechen</str>
   <str name="label.logAdmin" js="true" php="false">Als &apos;Moderator&apos; Benutzer einloggen</str>
   <str name="label.guest" js="true" php="false">Gast</str>
   <str name="label.admin" js="true" php="false">Admin</str>
   <str name="label.administrator" js="true" php="false">Administrator</str>
   <str name="label.admin.title" js="true" php="false">Administrative Seite</str>
   <str name="label.moderator" js="true" php="false">Moderator</str>
   <str name="label.user" js="true" php="false">Benutzer</str>
   <str name="label.userProfile" js="true" php="true">Benutzerprofil</str>
   <str name="noDataAvailable" js="true" php="true">Keine Daten vorhanden</str>
   <str name="label.yourName" js="true" php="false">Ihr Name</str>
   <str name="label.yourEmail" js="true" php="false">Ihre E-Mail Adresse</str>
   <str name="label.IwantEmail" js="true" php="false">Ich möchte eine E-Mail erhalten, wenn</str>
   <str name="label.commentPage" js="true" php="false">ein Kommentar auf einer von mir kommentierten Seite hinterlassen wurde</str>
   <str name="label.commentTopic" js="true" php="false">ein Kommentar auf einem beliebigen Topic im Hilfesystem hinterlassen wurde</str>
   <str name="label.commentMy" js="true" php="false">eine Antwort auf einen meiner Kommentare hinterlassen wurde</str>
   <str name="label.apply" js="true" php="false">Änderungen anwenden</str>
   <str name="label.newPwd" js="true" php="false">Neues Passwort</str>
   <str name="label.reNewPwd" js="true" php="false">Neues Passwort erneut eingeben</str>
   <str name="label.chPwd" js="true" php="false">Passwort ändern</str>
   <str name="label.comments" js="true" php="false">Kommentare</str>
   <str name="label.login" js="true" php="false">Einloggen</str>
   <str name="label.signUp" js="true" php="false">Einschreiben</str>
   <str name="label.edit" js="true" php="false">Bearbeiten</str>
   <str name="label.editAccount" js="true" php="false">Konto Bearbeiten</str>
   <str name="label.logOff" js="true" php="false">Ausloggen</str>
   <str name="label.approveAll" js="true" php="false">Alle akzeptieren</str>
   <str name="label.yes" js="true" php="false">Ja</str>
   <str name="label.no" js="true" php="false">Nein</str>
   <str name="label.addNewCmt" js="true" php="false">Neuen Kommentar hinzufügen</str>
   <str name="label.plsWait" js="true" php="false">Bitte warten ...</str>
   <str name="label.plsWaitChProfile" js="true" php="false">Lädt Benutzerprofil ...</str>
   <str name="label.plsWaitRecover" js="true" php="false">Stellt Passwort wieder her ...</str>
   <str name="label.plsWaitSignUp" js="true" php="false">Sie werden angemeldet ...</str>
   <str name="label.plsWaitUpProfile" js="true" php="false">Aktualisiert Ihr Profil ...</str>
   <str name="label.plsWaitUpPaswd" js="true" php="false">Aktualisiert Ihr Passwort ... </str>
   <str name="label.plsWaitCmts" js="true" php="false">Kommentare werden geladen ... </str>
   <str name="label.plsWaitAuth" js="true" php="false">Benutzer wird verifiziert... </str>
   <str name="label.insertCmt" js="true" php="false">Kommentar einfügen</str>
   <str name="label.submit" js="true" php="false">Einreichen</str>
   <str name="label.userName" js="true" php="false">Benutzername</str>
   <str name="label.pswd" js="true" php="false">Passwort</str>
   <str name="label.lostPswd" js="true" php="false">Passwort vergessen</str>
   <str name="label.signUp_userName" js="true" php="false">Wählen Sie einen Benutzernamen</str>
   <str name="label.signUp_email" js="true" php="false">Ihre E-Mail Adresse</str>
   <str name="label.signUp_name" js="true" php="false">Ihr Name</str>
   <str name="label.signUp_password" js="true" php="false">Passwort</str>
   <str name="label.signUp_rPassword" js="true" php="false">Passwort erneut eingeben</str>
   <str name="label.recoverPwd" js="true" php="false">Passwort wiederherstellen</str>
   <str name="label.recoverEmail" js="true" php="false">Ihre E-Mail Adresse</str>
   <str name="label.recoverUser" js="true" php="false">Ihr Benutzername</str>
   <str name="label.bt_recover" js="true" php="true">Passwort zurücksetzen</str>
   <str name="label.question" js="true" php="false">Sind Sie sicher, dass Sie diese Nachricht löschen möchten?</str>
   <str name="label.adminPanel" js="true" php="false">Admin-Panel</str>
   <str name="label.changesNotApplied" js="true" php="false">Änderungen wurden nicht angewendet!</str>
   <str name="label.search.user" js="true" php="false">Benutzerinformation suchen</str>
   <str name="label.editUser" js="true" php="false">Benutzer bearbeiten</str>
   <str name="label.updateUser" js="true" php="false">Benutzer aktualisieren</str>
   <str name="label.created" js="true" php="false">Erstellt</str>
   <str name="label.validated" js="true" php="false">Validiert</str>
   <str name="label.suspendend" js="true" php="false">Ausgesetzt</str>
   <str name="label.back" js="true" php="false">Zurück</str>
   <str name="label.setVersion" js="true" php="false">Stellen Version</str>
   <str name="label.export" js="true" php="false">Kommentare exportieren</str>
   <str name="label.confirm.bt" js="true" php="false">Bestätigen</str>
   <str name="label.selection" js="true" php="false">Produkt / Version auswählen</str>
   <str name="label.version" js="true" php="false">Kommentarversion</str>
   <str name="label.versionInfo" js="true" php="false">Die Kommentare sind sichtbar ab Version: </str>
   <str name="label.rememberme" js="true" php="false">Mich auf diesem Computer speichern</str>
   <str name="label.viewAllPosts" js="true" php="false">Alle Beiträge ansehen</str>
   <str name="label.allPosts" js="true" php="false">Alle Beiträge</str>
   <str name="label.forView" js="true" php="false">Produkt und Version auswählen, um Kommentare anzusehen</str>
   <str name="label.forExport" js="true" php="false">Wählen Sie Produkt und Version, um Kommentare zu exportieren</str>
   <str name="label.product" js="true" php="false">Produkt</str>
   <str name="label.confirmGo" js="true" php="false">OK</str>
   <str name="delete" js="true" php="true">Löschen</str>
   <str name="checkUser.1" js="true" php="false">Anonymer Benutzer validiert nicht, bitte kontaktieren Sie 
            den Systemadministrator!</str>
   <str name="checkUser.2" js="true" php="false"/>
   <str name="checkUser.3" js="true" php="false"/>
   <str name="checkUser.4" js="true" php="false"/>
   <str name="checkUser.loginError" js="true" php="false">Log-In fehlgeschlagen!</str>
   <str name="info.noComments" js="true" php="true">Es gibt keine Kommentare!</str>
   <str name="invalidCode" js="true" php="false">Bitte geben Sie den Captcha-Code ein</str>
   <str name="pwd.invalid" js="true" php="false">Ungültiges Passwort</str>
   <str name="pwd.invalidCharacters" js="false" php="true">Ungültiges Passwort</str>
   <str name="pwd.repeat" js="true" php="false">Bitte geben Sie dasselbe Passwort ein!</str>
   <str name="pwd.empty" js="true" php="false">Bitte geben Sie ein Passwort mit mindestens 5 Zeichen ein!</str>
   <str name="checkEmail-signUp" js="true" php="false">Bitte kontrollieren Sie Ihre E-Mails und validieren Sie Ihre Registrierung!</str>
   <str name="checkEmail-recover" js="true" php="false">Bitte kontrollieren Sie Ihre E-Mails, um das wiederhergestellte Passwort zu sehen!</str>
   <str name="recoveryConfirmation" js="true" php="false">Das neue Passwort wurde erzeugt, bitte kontrollieren Sie Ihre E-Mails </str>
   <str name="editPost" js="true" php="false">Kommentar bearbeiten</str>
   <str name="newPost" js="true" php="false">Kommentar einfügen</str>
   <str name="admin" js="true" php="false">Administrator</str>
   <str name="moderator" js="true" php="false">Moderator</str>
   <str name="user" js="true" php="false">Benutzer</str>
   <str name="created" js="true" php="false">Erstellt</str>
   <str name="validated" js="true" php="false">Validiert</str>
   <str name="suspended" js="true" php="true">Ausgesetzt</str>
   <str name="label.adminComments" js="true" php="false">Kommentare</str>
   <str name="label.adminUsers" js="true" php="false">Benutzer</str>
   <str name="logAdmin" js="true" php="false">Bitte authentifizieren Sie sich mit Moderatordaten!</str>
   <str name="approveAllConfirmation" js="true" php="false">Alle Kommentare akzeptieren?</str>
   <str name="signUp.confirmOk" js="true" php="true">Bestätigung erfolgreich!</str>
   <str name="signUp.invalidPswd" js="true" php="true">Ungültiges Passwort !</str>
   <str name="signUp.confirmUsr" js="true" php="true">Die Erstellung des Benutzers wurde bestätigt!</str>
   <str name="signUp.invalidUsr" js="true" php="true">Ungültiger Benutzer muss bestätigt werden!</str>
   <str name="signUp.userConfirmed" js="true" php="true">Ihr Benutzer wurde bereits bestätigt!</str>
   <str name="signUp.err.0" js="true" php="false">Der Benutzer wurde erfolgreich angelegt!</str>
   <str name="signUp.err.1" js="true" php="false">Passwort ist zu kurz!</str>
   <str name="signUp.err.2" js="true" php="false">Passwort enthält ungültige Zeichen!</str>
   <str name="signUp.err.3" js="true" php="false">Ungültige E-Mail Adresse!</str>
   <str name="signUp.err.4" js="true" php="false">Der Benutzername ist bereits vergeben!</str>
   <str name="signUp.err.5" js="true" php="false">Email Adresse existiert bereits in der Datenbank!</str>
   <str name="signUp.err.6" js="true" php="false">Bitte geben Sie einen gültigen Benutzernamen ein!</str>
   <str name="signUp.err.6.info" js="true" php="false">Der Benutzername darf nur alphanumerische Zeichen ohne Leerstellen enthalten
            und muss mindestens aus 2 Zeichen bestehen</str>
   <str name="signUp.err.9" js="true" php="false">Ungültige Sign-Up Daten!</str>
   <str name="signUp.err.10" js="true" php="false">Benutzer kann nicht angelegt werden!</str>
   <str name="msg.secureOldPass" js="false" php="true">Bitte bestätigen Sie die Profilaktualisierung mit
            dem aktuellen Passwort</str>
   <str name="productsListTitle" js="false" php="true">Produkte</str>
   <str name="versionsListTitle" js="false" php="true">Versionen</str>
   <str name="unavailableTextTillApproved" js="false" php="true">Der Text ist nicht verfügbar bis der Beitrag
            akzeptiert ist</str>
   <str name="signUpEmailSubject" js="false" php="true">Sign-Up Bestätigung</str>
   <str name="signUpLoginConfirmation" js="false" php="true">Ihr Benutzer wurde verifiziert!</str>
   <str name="RecoveredEmailSubject" js="false" php="true">Passwort wiederhergestellt</str>
   <str name="RecoverConfirmationEmailSubject" js="false" php="true">Bestätigung der Wiederherstellung 
            des Passworts</str>
   <str name="newCommentAdded" js="false" php="true">Hinzugefügter Kommentar</str>
   <str name="newCommentToModerate" js="false" php="true">Zu moderierender Kommentar</str>
   <str name="newUnmoderatedCommentAdded" js="false" php="true">Nicht moderierter Kommentar</str>
   <str name="newCommentApproved" js="false" php="true">Beigetragener Kommentar</str>
   <str name="email.duplicate" js="false" php="true">Diese E-Mail Adresse ist in unserer Datenbank registriert!</str>
   <str name="username.duplicate" js="false" php="true">Dieser Benutzername ist bereits vergeben!</str>
   <str name="pwd.tooShort" js="true" php="true">Passwort muss mindestens 5 Zeichen enthalten!</str>
   <str name="input.invalid" js="false" php="true">Sie haben ein ungültiges Datum eingegeben für:</str>
   <str name="email.user.not.match" js="false" php="true">Benutzer und E-Mail Adresse stimmt mit keinem
            Benutzernamen in unserer Datenbank überein!</str>
   <str name="user.name.label" js="false" php="true">Ihr Name</str>
   <str name="user.status.label" js="false" php="true">Status</str>
   <str name="user.email.label" js="false" php="true">Ihre E-Mail Adresse</str>
   <str name="user.notifyPage.label" js="false" php="true">Seiten-Benachrichtigung</str>
   <str name="user.notifyAll.label" js="false" php="true">Web-Hilfe-Benachrichtigung</str>
   <str name="user.notifyReply.label" js="false" php="true">Antwort-Benachrichtigung</str>
   <str name="user.action.label" js="false" php="true">Bearbeiten</str>
   <str name="admin.name.label" js="true" php="true">Name</str>
   <str name="admin.status.label" js="true" php="true">Status</str>
   <str name="admin.email.label" js="true" php="true">E-Mail</str>
   <str name="admin.userName.label" js="true" php="true">Benutzername</str>
   <str name="admin.level.label" js="true" php="true">Ebene</str>
   <str name="admin.company.label" js="true" php="true">Unternehmen</str>
   <str name="admin.date.label" js="true" php="true">Datum</str>
   <str name="admin.notifyPage.label" js="true" php="true">Seiten-Benachrichtigung</str>
   <str name="admin.notifyAll.label" js="true" php="true">Web-Hilfe-Benachrichtigung</str>
   <str name="admin.notifyReply.label" js="true" php="true">Antwort-Benachrichtigung</str>
   <str name="admin.action.label" js="false" php="true">Aktion</str>
   <str name="comment.moderate.info" js="true" php="true">Eintrag wartet auf </str>
   <str name="approved" js="false" php="true">Angenommen</str>
   <str name="new" js="false" php="true">Neu</str>
   <str name="rejected" js="false" php="true">Zurückgewiesen</str>
   <str name="approve" js="false" php="true">Annehmen</str>
   <str name="edit" js="false" php="true">Bearbeiten</str>
   <str name="selected" js="false" php="true">Ausgewählt</str>
   <str name="suspend" js="false" php="true">Aussetzen</str>
   <str name="reply" js="false" php="true">Antworten</str>
   <str name="noEmailFound" js="false" php="true">Die angegebene E-Mail Adresse entspricht keinem Benutzer!</str>
   <str name="noEmailSpecified" js="false" php="true">Sie haben keine E-Mail Adresse angegeben!</str>
   <str name="passwordChanged" js="false" php="true">Ihr neues Passwort wurde erzeugt! Sie werden es bald in einer E-Mail erhalten!</str>
   <str name="confirmationRequired" js="false" php="true">Ihr Passwort muss bestätigt werden, bitte prüfen Sie ihre E-Mails!</str>
   <str name="label.tc.commentId" js="false" php="true">Id</str>
   <str name="label.tc.text" js="false" php="true">Text</str>
   <str name="label.tc.userId" js="false" php="true">Benutzer</str>
   <str name="label.tc.referedComment" js="false" php="true">Ref. Kommentar</str>
   <str name="label.tc.date" js="false" php="true">Datum</str>
   <str name="label.tc.state" js="false" php="true">Status</str>
   <str name="label.tc.page" js="false" php="true">Seite</str>
   <str name="label.tc.product" js="false" php="true">Produkt</str>
   <str name="label.tc.version" js="false" php="true">Version</str>
   <str name="label.tc.visible" js="false" php="true">Sichtbar</str>
   <str name="err.notLoggedIn" js="false" php="true">Benutzer muss authentifiziert sein, um diesen Vorgang auszuführen</str>
   <str name="inst.deploymentSett" js="true" php="false">Entwicklungseinstellungen</str>
   <str name="inst.overConfig" js="true" php="false">Konfigurationsdatei überschreiben ?</str>
   <str name="inst.title" js="true" php="false">WebHelp-Installer</str>
   <str name="inst.url" js="true" php="false">Entwicklungs-URL</str>
   <str name="inst.email" js="true" php="false">WebHelp E-mail von</str>
   <str name="inst.errors" js="true" php="false">Fehler an Systemadministrator</str>
   <str name="inst.adminEmail" js="true" php="false">System Administrator E-Mail</str>
   <str name="inst.isModerated" js="true" php="false">Kommentarsystem ist moderiert?</str>
   <str name="inst.sesLife" js="true" php="false">Client-Session-Lifetime (sec)</str>
   <str name="inst.isAnonymous" js="true" php="false">Anoymer Eintrag möglich?</str>
   <str name="inst.dbSettings" js="true" php="false">Datenbank-Einstellungen</str>
   <str name="inst.dbtype" js="true" php="false">Datenbank-Server-Typ</str>
   <str name="inst.dbCreate" js="true" php="false">Neue Datenbank erstellen?</str>
   <str name="inst.dbHost" js="true" php="false">Datenbank-Host-Name</str>
   <str name="inst.dbName" js="true" php="false">Datenbank-Name</str>
   <str name="inst.dbUser" js="true" php="false">Datenbank Benutzername</str>
   <str name="inst.dbPass" js="true" php="false">Datenbank Benutzerpasswort</str>
   <str name="inst.initSett" js="true" php="false">Ausgangseinstellungen</str>
   <str name="inst.adminPass" js="true" php="false">Administratorpasswort</str>
   <str name="inst.adminPass2" js="true" php="false">Administratorpasswort bestätigen</str>
   <str name="inst.start" js="true" php="false">Starte Installation</str>
   <str name="inst.nextStep" js="true" php="false">Nächster Schritt</str>
   <str name="excluded.terms" js="true" php="false">Exkludierte Terme:</str>
</strings>
