<?xml version="1.0" encoding="utf-8"?>
<!--
    
Oxygen WebHelp Plugin
Copyright (c) 1998-2017 Syncro Soft SRL, Romania.  All rights reserved.

-->

<langlist>
    <lang xml:lang="en"    filename="strings-en-us.xml"/>
    <lang xml:lang="en-ca" filename="strings-en-us.xml"/>
    <lang xml:lang="en-gb" filename="strings-en-us.xml"/>
    <lang xml:lang="en-us" filename="strings-en-us.xml"/>
    <lang xml:lang="fr"    filename="strings-fr-fr.xml"/>
    <lang xml:lang="fr-fr" filename="strings-fr-fr.xml"/>
    <lang xml:lang="fr-be" filename="strings-fr-fr.xml"/>
    <lang xml:lang="fr-ca" filename="strings-fr-ca.xml"/>
    <lang xml:lang="fr-ch" filename="strings-fr-fr.xml"/>
    <lang xml:lang="de"    filename="strings-de-de.xml"/>
    <lang xml:lang="de-ch" filename="strings-de-de.xml"/>
    <lang xml:lang="de-de" filename="strings-de-de.xml"/>
    <lang xml:lang="ja"    filename="strings-ja-jp.xml"/>
    <lang xml:lang="ja-jp" filename="strings-ja-jp.xml"/>
</langlist>
