<?xml version="1.0" encoding="UTF-8"?>
<!--
Oxygen Webhelp plugin
Copyright (c) 1998-2017 Syncro Soft SRL, Romania.  All rights reserved.
Licensed under the terms stated in the license file EULA_Webhelp.txt 
available in the base directory of this Oxygen Webhelp plugin.

Translation strings for JP Japanese language.
--><!DOCTYPE strings
  SYSTEM "strings.dtd">
<strings xml:lang="ja-jp">
   <str name="toggleHighlights" js="true" php="false">Show/Hide the search highlights</str>
   <str name="Similar results" js="true" php="false">Similar results</str>
   <str name="Output generated by" js="true" php="false">以下により生成された出力</str>
   <str name="Page" js="true" php="false">ページ</str>
   <str name="Results for:" js="true" php="false">以下に対して検索されたドキュメント</str>
   <str name="no_results_only_stop_words1" js="true" php="false">検索クエリに検索エンジンにより除外される&lt;span&gt;停止ワード&lt;/span&gt;のみが含まれていたため、結果が見つかりませんでした。</str>
   <str name="no_results_only_stop_words2" js="true" php="false">停止ワードとは、非常に一般的な単語または検索を妨害する形容詞です。次のような含まれます：&apos;of &apos;、&apos;the&apos;、&apos;by&apos;など。</str>
   <str name="missing" js="true" php="false">欠落しています</str>
   <str name="label.home" js="true" php="false">ホーム</str>
   <str name="label.shareFrom" js="true" php="false">下記のプロダクトについてユーザーアカウントを作成済みの場合は、そのアカウントを使ってログインできます。</str>
   <str name="label.unconfirmedUsers" js="true" php="false">未確認ユーザー</str>
   <str name="label.cleanUsers" js="true" php="false">保留中のユーザーを削除します</str>
   <str name="label.tc.userName" js="true" php="true">ユーザー</str>
   <str name="label.tc.name" js="true" php="true">名前</str>
   <str name="label.tc.email" js="true" php="true">メール</str>
   <str name="label.invertSel" js="true" php="false">選択を反転</str>
   <str name="label.invalidPosts" js="true" php="false">コメント書き込み無効ページ</str>
   <str name="label.cleanComments" js="true" php="false">孤立したコメントを削除します</str>
   <str name="label.cleanCommentsTooltip" js="true" php="false">利用できないトピックに関連するコメントを削除します</str>
   <str name="label.cleanUsersTooltip" js="true" php="false">7 日以上経過した未確認ユーザーを削除します</str>
   <str name="label.viewAllPostsTooltip" js="true" php="false">表示する必要のあるコメントに対する適切な製品/バージョンを選択します</str>
   <str name="label.exportTooltip" js="true" php="false">XML フォーマットにエクスポートする必要あるコメントに対する適切な製品/バージョンを選択します</str>
   <str name="label.setVersionTooltip" js="true" php="false">コメントは、選択されたバージョンから始まる製品バージョンに対してのみ利用可能です。</str>
   <str name="label.fbUnavailable" js="true" php="false">フィードバックシステムが稼働していません。WebHelpシステムの管理者に連絡してください。</str>
   <str name="label.removeInst" js="true" php="false">WebHelpのインストール完了後、instllationフォルダを削除しなければいけません。</str>
   <str name="label.plsRemoveInstall" js="true" php="false">installationフォルダを削除し、WebHelpのインストールを完了するように、システム管理者へ連絡してください。</str>
   <str name="configInvalid" js="true" php="false">無効なコンフィグレーションファイル - インストールを実行してください</str>
   <str name="webhelp.content" js="true" php="false">目次</str>
   <str name="oldFrames" js="true" php="false">フレーム有り</str>
   <str name="webhelp.search" js="true" php="false">検索</str>
   <str name="webhelp.index" js="true" php="false">索引</str>
   <str name="IndexFilterPlaceholder" js="true" php="false">索引を絞り込む</str>
   <str name="SearchResults" js="true" php="false">検索結果</str>
   <str name="Loading, please wait ..." js="true" php="false">ロード中。お待ちください...</str>
   <str name="Search no results" js="true" php="false">入力した検索語が見つかりません</str>
   <str name="There is no page containing all the search terms."
        js="true"
        php="false">検索語すべてを含むページはありません</str>
   <str name="Partial results:" js="true" php="false">検索結果の一部:</str>
   <str name="Search string can&apos;t be void" js="true" php="false">検索文字列が空です</str>
   <str name="Search string must have at least two characters"
        js="true"
        php="false">検索文字列は、少なくとも 2 文字である必要があります</str>
   <str name="Only first 10 words will be processed." js="true" php="false">最初の10文字だけが処理されます</str>
   <str name="Your browser is not supported. Use of Mozilla Firefox is recommended."
        js="true"
        php="false">お使いのブラウザはサポートされていません。Mozilla Firefoxの使用を推奨します。</str>
   <str name="linkToThis" js="true" php="false">このページへのリンク</str>
   <str name="ExpandAll" js="true" php="false">すべてのトピックを展開</str>
   <str name="printThisPage" js="true" php="false">このページを印刷</str>
   <str name="CollapseAll" js="true" php="false">すべてのトピックを折りたたむ</str>
   <str name="label.confirmOk" js="true" php="false">正常に完了しました !</str>
   <str name="label.currentPwd" js="true" php="false">現在のパスワード</str>
   <str name="label.Unsaved" js="true" php="false">このページを離れると、保存されていないデータが失われます。</str>
   <str name="label.captcha" js="true" php="false">下記のキャプチャコードを入力してください:</str>
   <str name="label.welcome" js="true" php="false">ようこそ</str>
   <str name="label.close" js="true" php="false">閉じる</str>
   <str name="label.cancel" js="true" php="false">キャンセル</str>
   <str name="label.logAdmin" js="true" php="false">「検閲者」としてログイン</str>
   <str name="label.guest" js="true" php="false">ゲスト</str>
   <str name="label.admin" js="true" php="false">管理者</str>
   <str name="label.administrator" js="true" php="false">管理者</str>
   <str name="label.admin.title" js="true" php="false">管理用ページ</str>
   <str name="label.moderator" js="true" php="false">検閲者</str>
   <str name="label.user" js="true" php="false">ユーザー</str>
   <str name="label.userProfile" js="true" php="true">ユーザープロファイル</str>
   <str name="noDataAvailable" js="true" php="true">データなし</str>
   <str name="label.yourName" js="true" php="false">あなたの名前</str>
   <str name="label.yourEmail" js="true" php="false">あなたのE-Mailアドレス</str>
   <str name="label.IwantEmail" js="true" php="false">メールでの通知を希望</str>
   <str name="label.commentPage" js="true" php="false">自分がコメントしたページにコメントが付いたとき</str>
   <str name="label.commentTopic" js="true" php="false">ヘルプシステムのいずれかのトピックにコメントが付いたとき</str>
   <str name="label.commentMy" js="true" php="false">自分のコメントに返信コメントが付いたとき</str>
   <str name="label.apply" js="true" php="false">変更適用</str>
   <str name="label.newPwd" js="true" php="false">新しいパスワード</str>
   <str name="label.reNewPwd" js="true" php="false">新しいパスワードを再入力</str>
   <str name="label.chPwd" js="true" php="false">パスワードの変更</str>
   <str name="label.comments" js="true" php="false">コメント</str>
   <str name="label.login" js="true" php="false">ログイン</str>
   <str name="label.signUp" js="true" php="false">サインアップ</str>
   <str name="label.edit" js="true" php="false">編集</str>
   <str name="label.editAccount" js="true" php="false">アカウント編集</str>
   <str name="label.logOff" js="true" php="false">ログオフ</str>
   <str name="label.approveAll" js="true" php="false">すべて承認する</str>
   <str name="label.yes" js="true" php="false">はい</str>
   <str name="label.no" js="true" php="false">いいえ</str>
   <str name="label.addNewCmt" js="true" php="false">新規コメント追加</str>
   <str name="label.plsWait" js="true" php="false">お待ちください...</str>
   <str name="label.plsWaitChProfile" js="true" php="false">ユーザープロファイルのロード中...</str>
   <str name="label.plsWaitRecover" js="true" php="false">パスワードのリカバリー中...</str>
   <str name="label.plsWaitSignUp" js="true" php="false">サインアップ中...</str>
   <str name="label.plsWaitUpProfile" js="true" php="false">プロファイルの更新中...</str>
   <str name="label.plsWaitUpPaswd" js="true" php="false">パスワードの更新中... </str>
   <str name="label.plsWaitCmts" js="true" php="false">コメントのロード中... </str>
   <str name="label.plsWaitAuth" js="true" php="false">ユーザーの照合中... </str>
   <str name="label.insertCmt" js="true" php="false">コメント挿入</str>
   <str name="label.submit" js="true" php="false">送る</str>
   <str name="label.userName" js="true" php="false">ユーザー名</str>
   <str name="label.pswd" js="true" php="false">パスワード</str>
   <str name="label.lostPswd" js="true" php="false">パスワード紛失</str>
   <str name="label.signUp_userName" js="true" php="false">ユーザー名選択</str>
   <str name="label.signUp_email" js="true" php="false">あなたのE-Mailアドレス</str>
   <str name="label.signUp_name" js="true" php="false">あなたの名前</str>
   <str name="label.signUp_password" js="true" php="false">パスワード</str>
   <str name="label.signUp_rPassword" js="true" php="false">パスワード再入力</str>
   <str name="label.recoverPwd" js="true" php="false">パスワードのリセット</str>
   <str name="label.recoverEmail" js="true" php="false">あたなのE-Mailアドレス</str>
   <str name="label.recoverUser" js="true" php="false">あなたのユーザー名</str>
   <str name="label.bt_recover" js="true" php="true">パスワードのリセット</str>
   <str name="label.question" js="true" php="false">本当にこのメッセージを削除しますか?</str>
   <str name="label.adminPanel" js="true" php="false">管理パネル</str>
   <str name="label.changesNotApplied" js="true" php="false">変更は適用されていません!</str>
   <str name="label.search.user" js="true" php="false">ユーザー情報の検索</str>
   <str name="label.editUser" js="true" php="false">ユーザー情報編集</str>
   <str name="label.updateUser" js="true" php="false">ユーザー情報更新</str>
   <str name="label.created" js="true" php="false">作成完了</str>
   <str name="label.validated" js="true" php="false">照合完了</str>
   <str name="label.suspendend" js="true" php="false">保留</str>
   <str name="label.back" js="true" php="false">戻る</str>
   <str name="label.setVersion" js="true" php="false">バージョン設定</str>
   <str name="label.export" js="true" php="false">コメントのエクスポート</str>
   <str name="label.confirm.bt" js="true" php="false">確認</str>
   <str name="label.selection" js="true" php="false">プロダクト/バージョンを選択</str>
   <str name="label.version" js="true" php="false">コメントバージョン</str>
   <str name="label.versionInfo" js="true" php="false">コメント参照が可能な最初のバージョン: </str>
   <str name="label.rememberme" js="true" php="false">コンピューターに記憶させる</str>
   <str name="label.viewAllPosts" js="true" php="false">すべての書き込みを見る</str>
   <str name="label.allPosts" js="true" php="false">すべての書き込み</str>
   <str name="label.forView" js="true" php="false">コメントを参照するプロダクトとバージョンを選択</str>
   <str name="label.forExport" js="true" php="false">コメントをエクスポートするプロダクトとバージョンを選択</str>
   <str name="label.product" js="true" php="false">プロダクト</str>
   <str name="label.confirmGo" js="true" php="false">OK</str>
   <str name="delete" js="true" php="true">削除</str>
   <str name="checkUser.1" js="true" php="false">Anonymousユーザーは許可されていません。システム管理者に連絡してください。</str>
   <str name="checkUser.2" js="true" php="false"/>
   <str name="checkUser.3" js="true" php="false"/>
   <str name="checkUser.4" js="true" php="false"/>
   <str name="checkUser.loginError" js="true" php="false">ログイン失敗</str>
   <str name="info.noComments" js="true" php="true">コメントがありません</str>
   <str name="invalidCode" js="true" php="false">表示されたキャプチャコードを入力してください</str>
   <str name="pwd.invalid" js="true" php="false">無効なパスワード</str>
   <str name="pwd.invalidCharacters" js="false" php="true">パスワードに使用禁止文字が含まれています</str>
   <str name="pwd.repeat" js="true" php="false">同じパスワードを入力してください</str>
   <str name="pwd.empty" js="true" php="false">5文字以上のパスワードを入力してください</str>
   <str name="checkEmail-signUp" js="true" php="false">送付されたE-Mailを確認し、ユーザー登録を完了してください</str>
   <str name="checkEmail-recover" js="true" php="false">送付されたE-Mailを確認し、パスワードを再設定してください</str>
   <str name="recoveryConfirmation" js="true" php="false">新しいパスワードが生成されました。送付されたE-Mailを確認してください。</str>
   <str name="editPost" js="true" php="false">コメント編集</str>
   <str name="newPost" js="true" php="false">コメント挿入</str>
   <str name="admin" js="true" php="false">管理者</str>
   <str name="moderator" js="true" php="false">検閲者</str>
   <str name="user" js="true" php="false">ユーザー</str>
   <str name="created" js="true" php="false">作成完了</str>
   <str name="validated" js="true" php="false">照合完了</str>
   <str name="suspended" js="true" php="true">保留</str>
   <str name="label.adminComments" js="true" php="false">コメント</str>
   <str name="label.adminUsers" js="true" php="false">ユーザー</str>
   <str name="logAdmin" js="true" php="false">検閲者権限で認証してください</str>
   <str name="approveAllConfirmation" js="true" php="false">すべてのコメントを承認しますか?</str>
   <str name="signUp.confirmOk" js="true" php="true">確認が完了しました</str>
   <str name="signUp.invalidPswd" js="true" php="true">不正なパスワードが入力されました</str>
   <str name="signUp.confirmUsr" js="true" php="true">ユーザー作成の確認に成功しました</str>
   <str name="signUp.invalidUsr" js="true" php="true">確認のために不正なユーザーが指定されまた</str>
   <str name="signUp.userConfirmed" js="true" php="true">指定のユーザーは確認済みです</str>
   <str name="signUp.err.0" js="true" php="false">ユーザー作成に成功しました</str>
   <str name="signUp.err.1" js="true" php="false">パスワードが短過ぎます</str>
   <str name="signUp.err.2" js="true" php="false">パスワードに使用禁止文字が含まれています</str>
   <str name="signUp.err.3" js="true" php="false">不正なE-Mailアドレスです</str>
   <str name="signUp.err.4" js="true" php="false">指定されたユーザー名は既に登録されています</str>
   <str name="signUp.err.5" js="true" php="false">指定されたE-Mailアドレスは既に登録されています</str>
   <str name="signUp.err.6" js="true" php="false">有効なユーザー名を入力してください</str>
   <str name="signUp.err.6.info" js="true" php="false">スペースを含まない、2文字以上の英数字でユーザー名を指定してください</str>
   <str name="signUp.err.9" js="true" php="false">サインアップデータが不正です</str>
   <str name="signUp.err.10" js="true" php="false">ユーザーを作成できません</str>
   <str name="msg.secureOldPass" js="false" php="true">現在のパスワードでプロファイルの更新を確認してください</str>
   <str name="productsListTitle" js="false" php="true">プロダクト</str>
   <str name="versionsListTitle" js="false" php="true">バージョン</str>
   <str name="unavailableTextTillApproved" js="false" php="true">書き込みが承認されるまでテキストは表示されません</str>
   <str name="signUpEmailSubject" js="false" php="true">サインアップの確認</str>
   <str name="signUpLoginConfirmation" js="false" php="true">ユーザー登録が確認が完了しました</str>
   <str name="RecoveredEmailSubject" js="false" php="true">パスワードが再設定されました</str>
   <str name="RecoverConfirmationEmailSubject" js="false" php="true">パスワード再設定の確認</str>
   <str name="newCommentAdded" js="false" php="true">追加されたコメント</str>
   <str name="newCommentToModerate" js="false" php="true">検閲待ちコメント</str>
   <str name="newUnmoderatedCommentAdded" js="false" php="true">検閲なしコメント</str>
   <str name="newCommentApproved" js="false" php="true">新規コメント</str>
   <str name="email.duplicate" js="false" php="true">指定されたE-Mailアドレスは既に登録されています</str>
   <str name="username.duplicate" js="false" php="true">指定されたユーザー名は既に登録されています</str>
   <str name="pwd.tooShort" js="true" php="true">5文字以上のパスワードを入力してください</str>
   <str name="input.invalid" js="false" php="true">不適切な日付の入力:</str>
   <str name="email.user.not.match" js="false" php="true">入力されたユーザー名とE-Mailアドレスは、データベースに登録されていません</str>
   <str name="user.name.label" js="false" php="true">あなたの名前</str>
   <str name="user.status.label" js="false" php="true">ステータス</str>
   <str name="user.email.label" js="false" php="true">あなたのE-Mailアドレス</str>
   <str name="user.notifyPage.label" js="false" php="true">ページ通知</str>
   <str name="user.notifyAll.label" js="false" php="true">WebHelp通知</str>
   <str name="user.notifyReply.label" js="false" php="true">返信通知</str>
   <str name="user.action.label" js="false" php="true">編集</str>
   <str name="admin.name.label" js="true" php="true">名前</str>
   <str name="admin.status.label" js="true" php="true">ステータス</str>
   <str name="admin.email.label" js="true" php="true">メール</str>
   <str name="admin.userName.label" js="true" php="true">ユーザー名</str>
   <str name="admin.level.label" js="true" php="true">レベル</str>
   <str name="admin.company.label" js="true" php="true">企業名</str>
   <str name="admin.date.label" js="true" php="true">日付</str>
   <str name="admin.notifyPage.label" js="true" php="true">ページ通知</str>
   <str name="admin.notifyAll.label" js="true" php="true">WebHelp通知</str>
   <str name="admin.notifyReply.label" js="true" php="true">返信通知</str>
   <str name="admin.action.label" js="false" php="true">アクション</str>
   <str name="comment.moderate.info" js="true" php="true">承認待ち書き込み</str>
   <str name="approved" js="false" php="true">承認済み</str>
   <str name="new" js="false" php="true">新規</str>
   <str name="rejected" js="false" php="true">却下</str>
   <str name="approve" js="false" php="true">承認</str>
   <str name="edit" js="false" php="true">編集</str>
   <str name="selected" js="false" php="true">選択済み</str>
   <str name="suspend" js="false" php="true">保留</str>
   <str name="reply" js="false" php="true">返信</str>
   <str name="noEmailFound" js="false" php="true">入力されたE-Mailアドレスを持つユーザーは登録されていません</str>
   <str name="noEmailSpecified" js="false" php="true">E-Mailアドレスが指定されていません</str>
   <str name="passwordChanged" js="false" php="true">新しいパスワードが生成されました。すぐに新しいパスワードがE-Mailで通知されます。</str>
   <str name="confirmationRequired" js="false" php="true">生成されたパスワードは、あなたが確認した後に有効になります。あなた宛てに送付されたE-Mailを確認してください。</str>
   <str name="label.tc.commentId" js="false" php="true">Id</str>
   <str name="label.tc.text" js="false" php="true">テキスト</str>
   <str name="label.tc.userId" js="false" php="true">ユーザー</str>
   <str name="label.tc.referedComment" js="false" php="true">参照コメント</str>
   <str name="label.tc.date" js="false" php="true">日付</str>
   <str name="label.tc.state" js="false" php="true">ステータス</str>
   <str name="label.tc.page" js="false" php="true">ページ</str>
   <str name="label.tc.product" js="false" php="true">プロダクト</str>
   <str name="label.tc.version" js="false" php="true">バージョン</str>
   <str name="label.tc.visible" js="false" php="true">参照可能</str>
   <str name="err.notLoggedIn" js="false" php="true">この操作を実行するには、ユーザー認証が必要です</str>
   <str name="inst.deploymentSett" js="true" php="false">配置／運用開始のための設定</str>
   <str name="inst.overConfig" js="true" php="false">コンフィグレーションファイルを上書きしますか ?</str>
   <str name="inst.title" js="true" php="false">WebHelpインストーラー</str>
   <str name="inst.url" js="true" php="false">WebHelpを配置したURL</str>
   <str name="inst.email" js="true" php="false">WebHelpシステム通知メールの送信元 E-mailアドレス</str>
   <str name="inst.errors" js="true" php="false">システム管理者へエラーを通知する</str>
   <str name="inst.adminEmail" js="true" php="false">システム管理者 E-mail</str>
   <str name="inst.isModerated" js="true" php="false">コメントシステムを検閲しますか?</str>
   <str name="inst.sesLife" js="true" php="false">クライアントのセッション有効時間(秒)</str>
   <str name="inst.isAnonymous" js="true" php="false">Anonymousユーザーを有効にしますか?</str>
   <str name="inst.dbSettings" js="true" php="false">データベース設定</str>
   <str name="inst.dbtype" js="true" php="false">データベース サーバー タイプ</str>
   <str name="inst.dbCreate" js="true" php="false">新たにデータベースを作成しますか?</str>
   <str name="inst.dbHost" js="true" php="false">データベース ホスト名</str>
   <str name="inst.dbName" js="true" php="false">データベース名</str>
   <str name="inst.dbUser" js="true" php="false">データベース ユーザー</str>
   <str name="inst.dbPass" js="true" php="false">データベース ユーザー パスワード</str>
   <str name="inst.initSett" js="true" php="false">初期設定</str>
   <str name="inst.adminPass" js="true" php="false">管理者パスワード</str>
   <str name="inst.adminPass2" js="true" php="false">管理者パスワード確認</str>
   <str name="inst.start" js="true" php="false">インストール開始</str>
   <str name="inst.nextStep" js="true" php="false">次のステップ</str>
   <str name="excluded.terms" js="true" php="false">除外される条件：</str>
</strings>
