<?xml version="1.0" encoding="UTF-8"?>
<!--
    
Oxygen WebHelp Plugin
Copyright (c) 1998-2017 Syncro Soft SRL, Romania.  All rights reserved.

-->

<!-- Extend the toolkit's XHTML processing to generate WebHelp output. -->
<project name="webhelp.classic.integrator" default="dita2webhelp" basedir="." xmlns:dita="http://dita-ot.sourceforge.net">
  
  <!-- Directory of the Webhelp plugin. -->
  <property name="webhelp.classic.dir" value="${dita.plugin.com.oxygenxml.webhelp.classic.dir}"/>
  
  <import file="build_common.xml"/>
  
  <target name="dita2webhelp-common" 
    dita:depends="webhelp-build-init, {com.oxygenxml.classic.main.target.dependencies}"
    dita:extension="depends org.dita.dost.platform.InsertDependsAction"/>
	
  <target name="dita2webhelp" 
    depends="dita2webhelp-common"/>
  
  <target name="webhelp-build-init">
    <condition property="webhelp.reload.stylesheet" value="false">
      <not><isset property="webhelp.reload.stylesheet"/></not>
    </condition>
    <!-- By default the mobile is off. It will be turned on from specific targets. 
  <property name="webhelp.mobile" value=""/>
  -->
    
    <property name="webhelp.parameters.file" location="${dita.temp.dir}/props.xml"/>
    
    <!--We load the ditaotversion param from this DITA-OT configuration properties file.-->
    <loadproperties srcfile="${dita.dir}/lib/configuration.properties"/>
    
    <!-- Google search parameters: convert the file paths to URLs -->
    <if>
      <isset property="webhelp.google.search.script"/>
      <then>
        <makeurl property="webhelp.google.search.script.url" file="${webhelp.google.search.script}"/>
      </then>
    </if>
    <if>
      <isset property="webhelp.google.search.results"/>
      <then>
        <makeurl property="webhelp.google.search.results.url" file="${webhelp.google.search.results}"/>
      </then>
    </if>
    
    <!-- 
      EXM-39143: Setting this to true ensures that unique output files are created for each instance of a 
      resource when a map contains multiple references to a single topic. 
    -->  
    <property name="force-unique" value="true"/>  
  </target>
	
  <!-- The same as the classic target, but adds a parameter we can pass to the stylesheets. -->
  <target name="dita2webhelp-mobile">
    <property name="is.webhelp.mobile" value="true"/>
    
  	<antcall target="dita2webhelp">
  		<param name="webhelp.mobile" value="mobile"/>
  	</antcall>
  </target>
  
  <target name="dita2webhelp-feedback" 
             depends="dita2webhelp-common"/>
    
  <!-- The same as the classic target, but adds a parameter we can pass to the stylesheets. -->
  <target name="dita2webhelp-feedback-mobile">
  	<antcall target="dita2webhelp-feedback">
  		<param name="webhelp.mobile" value="mobile"/>
  	</antcall>
  </target>
	
  <property name="webhelp.plugin.path" value="${webhelp.classic.dir}/"/>
  
    <!-- Default language for translated strings in HTML pages. Should be set by caller process. -->
    <property name="args.default.language" value="en-US"/>
    
   <!--EXM-22509 Set to args.xhtml.toc a default value -->
  <target name="dita.map.webhelp.init">
    <condition property="out.ext" value=".html">
      <not>
        <isset property="out.ext"></isset>
      </not>
    </condition>
    <condition property="args.xhtml.toc" value="toc">
      <not>
        <isset property="args.xhtml.toc"></isset>
      </not>
    </condition>
  </target> 
	
  <!-- Declare the foreach and if else tasks. -->
  <taskdef resource="net/sf/antcontrib/antlib.xml">
    <classpath>
      <pathelement location="${webhelp.classic.dir}/lib/ant-contrib-1.0b3.jar"/>
    </classpath>
  </taskdef>
	
    <target name="detectIndexerLang">
    	<property name="inputMap" value="${dita.temp.dir}/${user.input.file}"/>
    
    	<taskdef name="detect-lang" classname="com.suite.sol.ditaot.DetectLang">
    		<classpath path="${dita.dir}/plugins/org.dita.pdf2/lib/fo.jar"/>
    	</taskdef>
    	
    	<!-- Set document.locale from xml:lang -->
         <!-- The map takes precedence, followed by the first topic -->
         <detect-lang documentPath="${inputMap}"/>
    
        <!-- Set webhelp.language property -->
        <if>
            <isset property="document.locale"/>
            <then>
                <!-- Use use propertyregex from antcontrib -->
                <propertyregex property="webhelp.language" 
                               input="${document.locale}" 
                               regexp="(..)"
                               select="\1" 
                               defaultvalue="en" 
                               override="true"/>
            </then>
         <else>
      	  <if>
      	    <isset property="args.default.language"/>
       	    <then>
           		<!-- Use use propertyregex from antcontrib -->
               	<propertyregex property="webhelp.language" 
               	               input="${args.default.language}" 
                 		       regexp="(..)" 
                 		       select="\1"
                 		       defaultvalue="en"
                 		       override="true"/>
       	 	</then>
    	  </if>
        </else>
       </if>
       <echo>Indexer language=${webhelp.language}</echo>
    </target>
  

  <target name="webhelp-indexterms" description="Build list of index terms" unless="noTopic">
    <property name="args.extract.indexterms.xsl" value="${webhelp.classic.dir}/xsl/dita/indexterms/extractIndexterms.xsl"/>
    <makeurl property="dita.temp.dir.url" file="${dita.temp.dir}"/>
    <xslt processor="trax" 
          basedir="${dita.temp.dir}" 
          destdir="${dita.temp.dir}" 
          includesfile="${dita.temp.dir}/${fullditatopicfile}" 
          excludesfile="${dita.temp.dir}/${resourceonlyfile}"
          style="${args.extract.indexterms.xsl}"
          classpathref="dost.class.path"
          reloadstylesheet="${webhelp.reload.stylesheet}">
      <factory name="net.sf.saxon.TransformerFactoryImpl"/>
      <param name="TEMPFOLDER" expression="${dita.temp.dir.url}"/>
      <param name="OUT_EXT" expression="${out.ext}"/>
      <mapper type="regexp" from="^(.*?)$$" to="\1.indexterms"/>
      <sysproperty key="DOT_VERSION" value="${otversion}"/>
      <xmlcatalog refid="dita.catalog" />
    </xslt>
    
    <property name="args.collect.indexterms.xsl" value="${webhelp.classic.dir}/xsl/dita/indexterms/collectIndexterms.xsl"/>
    <xslt processor="trax"
          in="${dita.temp.dir}/${user.input.file}"
          out="${output.dir}/index.xml"
          style="${args.collect.indexterms.xsl}"
          classpathref="dost.class.path"
          reloadstylesheet="${webhelp.reload.stylesheet}">
      <factory name="net.sf.saxon.TransformerFactoryImpl"/>
      <param name="TEMPFOLDER" expression="${dita.temp.dir}"/>
      <param name="FILELIST" expression="${dita.temp.dir}/${fullditatopicfile}"/>
      <param name="FILELIST_TO_EXCLUDE" expression="${dita.temp.dir}/${resourceonlyfile}"/>
      <param name="FILELIST_ENCODING" expression="${file.encoding}"/>
      <sysproperty key="DOT_VERSION" value="${otversion}"/>
      <xmlcatalog refid="dita.catalog" />
    </xslt>
  </target>
  
  
    <target name="add-links" if="${is.webhelp.mobile}">
        <property name="input.map" value="${dita.temp.dir}/${user.input.file}"/>
        <property name="output.map" value="${dita.temp.dir}/${user.input.file}.links"/>
        <property name="add.links.xslt"
          value="${webhelp.classic.dir}/xsl/dita/mobile/addLinks.xsl"/>
        <xslt processor="trax" in="${input.map}" out="${output.map}" style="${add.links.xslt}" 
          reloadstylesheet="${webhelp.reload.stylesheet}">
          <sysproperty key="DOT_VERSION" value="${otversion}"/>
          <xmlcatalog refid="dita.catalog" />
        </xslt>
        <delete file="${input.map}"/>
        <move file="${output.map}" tofile="${input.map}"/>
    </target>
    
	
	<!--
		Converts the oXygen review PIs (change tracking, comments, etc..) into elements, and 
		structures the replies into the parent comments. 
	-->
	<target name="process.reviews" if="${webhelp.show.changes.and.comments}">
	    
	    <echo>Transforming Oxygen PIs into elements.</echo>
		
	    <xslt processor="trax" 
	      basedir="${dita.temp.dir}" 
	      destdir="${dita.temp.dir}.1" 
	      includesfile="${dita.temp.dir}/${fullditatopicfile}" 
	      style="${dita.plugin.com.oxygenxml.webhelp.classic.dir}/xsl/review/review-pis-to-elements.xsl" 
	      force="yes" 
	      failOnError="yes"
	      failOnTransformationError="yes"
	      reloadstylesheet="${webhelp.reload.stylesheet}">
	      
	      <factory name="net.sf.saxon.TransformerFactoryImpl"></factory>

	      <excludesfile name="${dita.temp.dir}/${resourceonlyfile}" if="resourceonlyfile"></excludesfile>
	      <includesfile name="${dita.temp.dir}/${chunkedtopicfile}" if="chunkedtopicfile"></includesfile>
	      <param name="show.changes.and.comments" expression="${webhelp.show.changes.and.comments}"></param>
	      
	      <xmlcatalog refid="dita.catalog"></xmlcatalog>      
	      <mapper type="identity"/>
	    </xslt>
	    

	    <echo>Grouping comments into threads.</echo>

	    <xslt processor="trax" 
	      basedir="${dita.temp.dir}.1" 
	      destdir="${dita.temp.dir}" 
	      includesfile="${dita.temp.dir}/${fullditatopicfile}" 
	      style="${dita.plugin.com.oxygenxml.webhelp.classic.dir}/xsl/review/review-group-replies.xsl" 
	      force="yes"
	      failOnError="yes"
	      failOnTransformationError="yes"
	      reloadstylesheet="${webhelp.reload.stylesheet}">
	      
	      <factory name="net.sf.saxon.TransformerFactoryImpl"></factory>
	      <excludesfile name="${dita.temp.dir}/${resourceonlyfile}" if="resourceonlyfile"></excludesfile>
	      <includesfile name="${dita.temp.dir}/${chunkedtopicfile}" if="chunkedtopicfile"></includesfile>
	      <param name="show.changes.and.comments" expression="${webhelp.show.changes.and.comments}"></param>
	      
	      <xmlcatalog refid="dita.catalog"></xmlcatalog>      
	      <mapper type="identity"/>
	    </xslt>	    
	</target>
	
  <!-- Create the index.html and toc.html files. -->  
  <target name="create-main-files" depends="check-image-file-exist ">
    <if>
      <istrue value="${is.webhelp.mobile}"/>
      <then>
        <property name="args.create.main.files.xsl" value="${webhelp.classic.dir}/xsl/dita/mobile/createMainFiles.xsl"/>
      </then>
      <else>
        <property name="args.create.main.files.xsl" value="${webhelp.classic.dir}/xsl/dita/desktop/createMainFiles.xsl"/>    
      </else>
    </if>    
    
    <echo message="Stylesheet: ${args.create.main.files.xsl}"/>
    <xslt processor="trax"
          in="${dita.temp.dir}/${user.input.file}"
          out="${output.dir}/dummy.html"
          style="${args.create.main.files.xsl}"
          force="yes"
          classpathref="dost.class.path"
          reloadstylesheet="${webhelp.reload.stylesheet}">
      <factory name="net.sf.saxon.TransformerFactoryImpl"/>
      <param name="TOC_XML_FILEPATH" expression="${output.dir}/toc.xml"/>
      <param name="INDEX_XML_FILEPATH" expression="${output.dir}/index.xml"/>
      <param name="XHTML_FOLDER" expression="${output.dir}"/>
      <param name="OUTPUTDIR" expression="${output.dir}"/>
      <param name="BASEDIR" expression="${webhelp.classic.dir}"/>
      <param name="OUTEXT" expression="${out.ext}" if="out.ext" />
      <param name="DEFAULTLANG" expression="${args.default.language}" if="args.default.language"/>
      <param name="WEBHELP_COPYRIGHT" expression="${webhelp.copyright}" if="webhelp.copyright"/>
      <param name="CSS" expression="${args.css.file}" if="args.css.file"/>
      <param name="CSSPATH" expression="${user.csspath}" if="user.csspath"/>
      <param name="WEBHELP_SKIN_CSS" expression="${output.webhelp.skin.css}" if="output.webhelp.skin.css"/>
      <param name="WEBHELP_LOGO_IMAGE" expression="${webhelp.logo.image.output}" if="webhelp.logo.image.output"/>
      <param name="WEBHELP_LOGO_IMAGE_TARGET_URL" expression="${webhelp.logo.image.target.url}" if="webhelp.logo.image.target.url"/>
      <param name="WEBHELP_FAVICON" expression="${webhelp.favicon.file}" if="webhelp.favicon.file"/>
      <param name="WEBHELP_SEARCH_RANKING" expression="${webhelp.search.ranking}" if="webhelp.search.ranking"/>
      <param name="WEBHELP_HEAD_SCRIPT" expression="${webhelp.head.script}" if="webhelp.head.script"/>
      <param name="WEBHELP_SEARCH_SCRIPT" expression="${webhelp.google.search.script.url}" if="webhelp.google.search.script.url"/>
      <param name="WEBHELP_SEARCH_RESULT" expression="${webhelp.google.search.results.url}" if="webhelp.google.search.results.url"/>
      <param name="WEBHELP_BODY_SCRIPT" expression="${webhelp.body.script}" if="webhelp.body.script"/>
      <param name="WEBHELP_VERSION" expression="${webhelp.version}" if="webhelp.version"/>
      <param name="WEBHELP_BUILD_NUMBER" expression="${webhelp.build.number}" if="webhelp.build.number"/>
      <param name="WEBHELP_UNIQUE_ID" expression="${gen.time}"></param>
      <param name="WEBHELP_FOOTER_INCLUDE" expression="${webhelp.footer.include}" if="webhelp.footer.include"/>
      <param name="WEBHELP_FOOTER_FILE" expression="${webhelp.footer.file}" if="webhelp.footer.file"/>
      <param name="WEBHELP_TRIAL_LICENSE" expression="${webhelp.trial.license}" if="webhelp.trial.license"/>

      <param name="show.changes.and.comments" expression="${webhelp.show.changes.and.comments}"></param>
      
      <!-- 
        Extension point to pass parameters to the XSLT transformation that creates the main HTML page.
      -->
      <dita:extension id="com.oxygenxml.webhelp.classic.xsl.createMainFiles.param" behavior="org.dita.dost.platform.InsertAction"/>
      <sysproperty key="DOT_VERSION" value="${otversion}"/>
      <xmlcatalog refid="dita.catalog" />
    </xslt>
      
    <replaceregexp 
        file="${output.dir}/index.html"
        match="&lt;\?xml version=&quot;1.0&quot; encoding=&quot;UTF-8&quot;\?&gt;"
        replace=""
        encoding="UTF-8"/>
    <if>
      <not><isset property="webhelp.mobile"/></not>
      <then>
        <replaceregexp 
            file="${output.dir}/toc.html"
            match="&lt;\?xml version=&quot;1.0&quot; encoding=&quot;UTF-8&quot;\?&gt;"
            replace=""
            encoding="UTF-8"/>
      </then>
    </if>
    <delete dir="${output.dir}">
      <include name="dummy.html"/>
      <include name="index.xml"/>
      <include name="index_frames.html" if="webhelp.mobile"/>
      <include name="toc.html" if="webhelp.mobile"/>
    </delete>
  </target>
  
  
  <!-- Customize header and footer of each topic. -->
  <target name="dita.inner.topics.webhelp" description="Build WebHelp output from dita topics" unless="noTopic">
    <property name="out.ext" value=".html"/>
    <property name="transtype.ext" value=".xsl"/>

    <if>
      <isset property="webhelp.mobile"/>
      <then>
        <property name="args.wh.xsl"
          value="${webhelp.classic.dir}/xsl/dita/mobile/dita2webhelp.xsl"/>
      </then>
      
      <else>
        <property name="args.wh.xsl"
          value="${webhelp.classic.dir}/xsl/dita/desktop/dita2webhelp.xsl"/>
      </else>
    </if>
    
    <!-- URL to the DITA Map -->
    <loadfile property="org.dita-ot.html.map" srcfile="${dita.temp.dir}/${user.input.file.listfile}">
      <filterchain>
        <headfilter lines="1"/>
      </filterchain>
    </loadfile>
    <makeurl property="org.dita-ot.html.map.url" file="${dita.temp.dir}/${org.dita-ot.html.map}"/>
    
    <makeurl file="${dita.input.valfile}" property="dita.input.valfile.url" validate="no"/>
    
  	<antcall target="process.reviews"/>

    <xslt processor="trax" 
          basedir="${dita.temp.dir}" 
          destdir="${output.dir}" 
          includesfile="${dita.temp.dir}/${fullditatopicfile}" 
          classpathref="dost.class.path" 
          extension="${out.ext}" 
          style="${args.wh.xsl}" 
          force="yes"
          filenameparameter="FILENAME" 
          filedirparameter="FILEDIR"
          reloadstylesheet="${webhelp.reload.stylesheet}">
      <factory name="net.sf.saxon.TransformerFactoryImpl"/>
      <excludesfile name="${dita.temp.dir}/${resourceonlyfile}" if="resourceonlyfile"/>
      <includesfile name="${dita.temp.dir}/${chunkedtopicfile}" if="chunkedtopicfile"/>
      <param name="TRANSTYPE" expression="${transtype}"/>
      <param name="DITAEXT" expression="${dita.ext}" if="dita.ext"/>
      <param name="FILTERFILE" expression="${dita.input.valfile.url}" if="dita.input.valfile"/>
      <param name="HDF" expression="${args.hdf}" if="args.hdf"/>
      <param name="HDR" expression="${args.hdr}" if="args.hdr"/>
      <param name="FTR" expression="${args.ftr}" if="args.ftr"/>
      <param name="DRAFT" expression="${args.draft}" if="args.draft"/>
      <param name="ARTLBL" expression="${args.artlbl}" if="args.artlbl"/>
      <param name="GENERATE-TASK-LABELS" expression="${args.gen.task.lbl}" if="args.gen.task.lbl"/>
      <param name="PRESERVE-DITA-CLASS" expression="${args.xhtml.classattr}" if="args.xhtml.classattr"/>
      <param name="NOPARENTLINK" expression="${args.hide.parent.link}" if="args.hide.parent.link"/>
      <param name="include.rellinks" expression="${include.rellinks}" if="include.rellinks"/>
      <param name="BREADCRUMBS" expression="${args.breadcrumbs}" if="args.breadcrumbs"/>
      <param name="INDEXSHOW" expression="${args.indexshow}" if="args.indexshow"/>
      <param name="genDefMeta" expression="${args.gen.default.meta}" if="args.gen.default.meta"/>
      <param name="OUTEXT" expression="${out.ext}" if="out.ext"/>
      <param name="BASEDIR" expression="${basedir}"/>
      <param name="OUTPUTDIR" expression="${output.dir}"/>
      <param name="LANGUAGE" expression="${args.default.language}" if="args.default.language"/>
      <param name="DBG" expression="${args.debug}" if="args.debug"/>
      <param name="CSS" expression="${args.css.file}" if="args.css.file"/>
      <param name="CSSPATH" expression="${user.csspath}" if="user.csspath"/>
      <param name="WEBHELP_SKIN_CSS" expression="${output.webhelp.skin.css}" if="output.webhelp.skin.css"/>
      <param name="CUSTOM_RATE_PAGE_URL" expression="${custom.rate.page.url}" if="custom.rate.page.url"/>
      <param name="CUSTOM_BASEDIR" expression="${dita.temp.dir}"/>
      <param name="WEBHELP_FOOTER_INCLUDE" expression="${webhelp.footer.include}" if="webhelp.footer.include"/>
      <param name="WEBHELP_FOOTER_FILE" expression="${webhelp.footer.file}" if="webhelp.footer.file"/>
      <param name="WEBHELP_TRIAL_LICENSE" expression="${webhelp.trial.license}" if="webhelp.trial.license"/>
      <param name="WEBHELP_HEAD_SCRIPT" expression="${webhelp.head.script}" if="webhelp.head.script"/>
      <param name="WEBHELP_SEARCH_SCRIPT" expression="${webhelp.google.search.script.url}" if="webhelp.google.search.script.url"/>
      <param name="WEBHELP_BODY_SCRIPT" expression="${webhelp.body.script}" if="webhelp.body.script"/>
      <param name="WEBHELP_PRODUCT_ID" expression="${webhelp.product.id}" if="webhelp.product.id"/>
      <param name="WEBHELP_PRODUCT_VERSION" expression="${webhelp.product.version}" if="webhelp.product.version"/>
      <param name="WEBHELP_VERSION" expression="${webhelp.version}" if="webhelp.version"/>
      <param name="WEBHELP_BUILD_NUMBER" expression="${webhelp.build.number}" if="webhelp.build.number"/>
      <param name="WEBHELP_UNIQUE_ID" expression="${gen.time}"></param>      
      <param name="INDEX_XML_FILEPATH" expression="${output.dir}/index.xml"/>

      <param name="TOC_XML_FILEPATH" expression="${output.dir}/toc.xml"/>
      <param name="WEBHELP_LOGO_IMAGE" expression="${webhelp.logo.image.output}" if="webhelp.logo.image.output"/>
      <param name="WEBHELP_LOGO_IMAGE_TARGET_URL" expression="${webhelp.logo.image.target.url}" if="webhelp.logo.image.target.url"/>
      <param name="show.changes.and.comments" expression="${webhelp.show.changes.and.comments}"></param>
      <dita:extension id="dita.conductor.xhtml.param" behavior="org.dita.dost.platform.InsertAction"/>
      <!-- 
        Extension point to pass parameters to the XSLT transformation.
      -->
      <dita:extension id="com.oxygenxml.webhelp.classic.xsl.dita2webhelp.param" behavior="org.dita.dost.platform.InsertAction"/>
      <sysproperty key="DOT_VERSION" value="${otversion}"/>
      <xmlcatalog refid="dita.catalog" />
    </xslt>
  </target>


  <!-- Customize table of contents. -->
  <target name="dita.out.map.webhelp.toc" depends="detectIndexerLang" description="Build WebHelp TOC file">
    <xslt processor="trax"
      basedir="${dita.temp.dir}"
      destdir="${output.dir}"
      includesfile="${dita.temp.dir}/${user.input.file.listfile}"
      classpathref="dost.class.path"
      style="${webhelp.classic.dir}/xsl/dita/map2xhtmtoc.xsl"
      force="yes"
      reloadstylesheet="${webhelp.reload.stylesheet}">
      <excludesfile name="${dita.temp.dir}/${resourceonlyfile}" if="resourceonlyfile"/>
      <param name="DITAEXT" expression="${dita.ext}" if="dita.ext" />
      <param name="OUTEXT" expression="${out.ext}" if="out.ext" />
      <param name="BASEDIR" expression="${basedir}"/>
      <param name="OUTPUTDIR" expression="${output.dir}"/>
      <param name="LANGUAGE" expression="${args.default.language}" if="args.default.language"/>
      <param name="DEFAULTLANG" expression="${args.default.language}" if="args.default.language"/>
      <param name="TOC_FILE_NAME" expression="${args.xhtml.toc}${out.ext}" if="args.xhtml.toc"/>
      <param name="contenttarget" expression="${args.xhtml.contenttarget}" if="args.xhtml.contenttarget"/>
      <param name="CSS" expression="${args.css.file}" if="args.css.file" />
      <param name="CSSPATH" expression="${user.csspath}" if="user.csspath" />
      <param name="OUTPUTCLASS" expression="${args.xhtml.toc.class}" if="args.xhtml.toc.class" />
      <param name="WEBHELP_COPYRIGHT" expression="${webhelp.copyright}" if="webhelp.copyright"/>
      <param name="INDEXER_LANGUAGE" expression="${webhelp.language}" if="webhelp.language"/>
      <sysproperty key="DOT_VERSION" value="${otversion}"/>
      <mergemapper to="${args.xhtml.toc}${out.ext}"/>
      <xmlcatalog refid="dita.catalog" />
    </xslt>
  	
    <makeurl file="${dita.input.valfile}" property="dita.input.valfile.url" validate="no"/>
    
    <property name="args.createTocXML.xsl" value="${webhelp.classic.dir}/xsl/dita/tocDita.xsl"/>    
    <xslt processor="trax" 
      in="${dita.temp.dir}/${user.input.file}" 
      out="${output.dir}/toc.xml" 
      style="${args.createTocXML.xsl}"
      force="yes"
      classpathref="dost.class.path"
      reloadstylesheet="${webhelp.reload.stylesheet}">
      <param name="OUT_EXT" expression="${out.ext}"/>
      <param name="FILTERFILE" expression="${dita.input.valfile.url}" if="dita.input.valfile"/>
      
      <!-- 
        Extension point to pass parameters to the XSLT transformation that creates the 'toc.xml' file.
      -->
      <dita:extension id="com.oxygenxml.webhelp.classic.xsl.createTocXML.param" behavior="org.dita.dost.platform.InsertAction"/>      
      
      <sysproperty key="DOT_VERSION" value="${otversion}"/>
      <outputproperty name="method" value="xhtml"/>
      <xmlcatalog refid="dita.catalog" />
    </xslt>
      
    <!-- Create context-help-map.xml -->
    <xslt processor="trax" 
          in="${dita.temp.dir}/${user.input.file}" 
          out="${output.dir}/context-help-map.xml" 
          style="${webhelp.classic.dir}/xsl/dita/contextHelpMapDita.xsl"
          force="yes"
          classpathref="dost.class.path"
          reloadstylesheet="${webhelp.reload.stylesheet}">
          <param name="OUT_EXT" expression="${out.ext}"/>
          <param name="WEBHELP_PRODUCT_ID" expression="${webhelp.product.id}" if="webhelp.product.id"/>
          <param name="WEBHELP_PRODUCT_VERSION" expression="${webhelp.product.version}" if="webhelp.product.version"/>
      <sysproperty key="DOT_VERSION" value="${otversion}"/>
      <xmlcatalog refid="dita.catalog" />
    </xslt>
      
    <!-- Create context-help-map.js -->
    <xslt processor="trax" 
      in="${output.dir}/context-help-map.xml" 
      out="${output.dir}/context-help-map.js" 
      style="${webhelp.classic.dir}/xsl/dita/contextHelpMapDitaJS.xsl" 
      force="yes" 
      classpathref="dost.class.path" 
      reloadstylesheet="${webhelp.reload.stylesheet}">
      <xmlcatalog refid="dita.catalog" />
    </xslt>
      
    <loadfile property="file" srcfile="${dita.temp.dir}/${user.input.file}"/>
    <propertyregex property="mapfile.language"
          input="${file}"
          regexp="xml:lang=&quot;(.+?)&quot;"
          select="\1"/>
    <condition property="webhelp.page.direction" value="rtl" else="ltr">
         <or>
             <equals arg1="ar" arg2="${mapfile.language}"/>
             <equals arg1="ar-eg" arg2="${mapfile.language}"/>
             <equals arg1="he" arg2="${mapfile.language}"/>
             <equals arg1="he-il" arg2="${mapfile.language}"/>
             <equals arg1="ur" arg2="${mapfile.language}"/>
             <equals arg1="ur-pk" arg2="${mapfile.language}"/>
         </or>
    </condition>
  </target>
    
  <target name="dita.webhelp.sitemap.xml" if="webhelp.sitemap.base.url">
      <tstamp>
          <format property="webhelp.sitemap.date" pattern="yyyy-MM-dd"/>
      </tstamp>
      
      <xslt processor="trax" 
          in="${dita.temp.dir}/${user.input.file}" 
          out="${output.dir}/sitemap.xml" 
          style="${webhelp.classic.dir}/xsl/dita/sitemapDita.xsl"
          force="yes"
          classpathref="dost.class.path"
          reloadstylesheet="${webhelp.reload.stylesheet}">
          <param name="OUT_EXT" expression="${out.ext}"/>
          <param name="WEBHELP_BASE_URL" expression="${webhelp.sitemap.base.url}" if="webhelp.sitemap.base.url"/>
          <param name="WEBHELP_LAST_MODIFIED" expression="${webhelp.sitemap.date}"/>
          <param name="WEBHELP_CHANGE_FREQUENCY" expression="${webhelp.sitemap.change.frequency}" if="webhelp.sitemap.change.frequency"/>
          <param name="WEBHELP_PRIORITY" expression="${webhelp.sitemap.priority}" if="webhelp.sitemap.priority"/>
        <sysproperty key="DOT_VERSION" value="${otversion}"/>
        <xmlcatalog refid="dita.catalog" />
      </xslt>
  </target>

  <!-- Target executed before indexing the HTML files -->
  <target name="webhelp-index-preprocess">
    <!-- Collect the topics marked with @search="no" in order to exclude them from search indexer -->
    <property name="create.search.excludes.xsl" value="${webhelp.classic.dir}/xsl/dita/createSearchExcludesFile.xsl"/>
    <property name="search.excludes.file" value="${output.dir}/oxygen-webhelp/search/search-excludes.txt"/>
    <xslt processor="trax" 
      in="${dita.temp.dir}/${user.input.file}" 
      out="${search.excludes.file}"  
      style="${create.search.excludes.xsl}"
      force="yes" classpathref="dost.class.path" 
      reloadstylesheet="${webhelp.reload.stylesheet}" >
      
      <factory name="net.sf.saxon.TransformerFactoryImpl"/>
      <outputproperty name="method" value="text"/>
      <outputproperty name="omit-xml-declaration" value="yes"/>
      
      <param name="OUT_EXTENSION" expression="${args.outext}"/>
      <xmlcatalog refid="dita.catalog"/>
    </xslt>
    <available file="${search.excludes.file}" property="search.excludes.file.exists"/>
  </target>
</project>
