<?xml version="1.0"?>
<catalog xmlns="urn:oasis:names:tc:entity:xmlns:xml:catalog">
  <rewriteURI
    uriStartString="http://docbook.sourceforge.net/release/xsl-ns/current/"
    rewritePrefix="../../"/>

  <rewriteSystem 
    systemIdStartString="http://www.oasis-open.org/docbook/xml/4.5/"
    rewritePrefix="4.5/dtd/"/>
  <rewriteSystem 
    systemIdStartString="http://docbook.org/xml/4.5/"
    rewritePrefix="4.5/dtd/"/>
  <rewriteSystem 
    systemIdStartString="http://www.docbook.org/xml/4.5/"
    rewritePrefix="4.5/dtd/"/>
	    
  <!-- XInclude module for Docbook 4 documents. -->
  <system systemId="http://www.docbook.org/xml/4.4/xinclude.mod" 
        uri="4.4/dtd/xinclude.mod"/>
  <systemSuffix systemIdSuffix="internal/xinclude.mod" 
        uri="4.4/dtd/xinclude.mod"/>
  <uriSuffix uriSuffix="internal/xinclude.mod" 
        uri="4.4/dtd/xinclude.mod"/>
    
  <nextCatalog catalog="5.0/catalog.xml"/>
  <nextCatalog catalog="4.5/dtd/catalog.xml"/>
  <nextCatalog catalog="4.4/dtd/catalog.xml"/>
</catalog>